               epoch,      train/box_loss,      train/obj_loss,      train/cls_loss,   metrics/precision,      metrics/recall,     metrics/mAP_0.5,metrics/mAP_0.5:0.95,        val/box_loss,        val/obj_loss,        val/cls_loss,               x/lr0,               x/lr1,               x/lr2
                   0,            0.099019,            0.027197,            0.078423,           0.0019273,              0.4902,           0.0057757,           0.0012337,             0.06115,            0.016401,            0.056181,              0.0721,              0.0031,              0.0031
                   1,            0.070268,            0.025899,             0.07258,           0.0029857,              0.8902,            0.063163,            0.019242,            0.052341,            0.012484,            0.052374,            0.043269,           0.0062688,           0.0062688
                   2,            0.062622,             0.02165,            0.068462,           0.0034167,             0.98824,             0.14724,            0.049032,            0.042703,             0.01072,            0.049168,            0.014406,           0.0094059,           0.0094059
                   3,             0.05604,            0.019076,            0.065001,             0.51457,             0.17141,             0.27543,            0.095998,            0.041524,           0.0091617,            0.047454,           0.0098515,           0.0098515,           0.0098515
                   4,            0.050179,             0.01721,            0.061952,             0.41727,              0.5277,             0.52384,             0.26884,            0.033621,           0.0078811,            0.043874,           0.0098515,           0.0098515,           0.0098515
                   5,            0.045573,             0.01463,            0.060221,             0.36099,             0.48903,             0.53035,             0.23721,            0.037367,           0.0071784,            0.043278,            0.009802,            0.009802,            0.009802
                   6,            0.044376,            0.013658,            0.057741,             0.46016,             0.66992,             0.57383,             0.27595,            0.032048,           0.0064702,            0.037132,           0.0097525,           0.0097525,           0.0097525
                   7,            0.041765,             0.01225,            0.054545,             0.47402,             0.69804,             0.62258,             0.32979,             0.03367,           0.0051901,            0.034774,            0.009703,            0.009703,            0.009703
                   8,            0.040897,            0.011413,            0.051039,             0.54062,             0.74703,             0.68428,             0.39608,            0.029723,           0.0048017,            0.033921,           0.0096535,           0.0096535,           0.0096535
                   9,            0.038762,            0.010709,            0.047245,             0.61338,             0.82122,             0.74483,             0.40685,             0.03084,           0.0050517,            0.030046,            0.009604,            0.009604,            0.009604
                  10,            0.038037,             0.01048,            0.045529,             0.66487,             0.87305,             0.80639,             0.47567,             0.02662,           0.0048165,            0.027578,           0.0095545,           0.0095545,           0.0095545
                  11,            0.036811,            0.010512,            0.042168,             0.52807,             0.83633,              0.8046,             0.55424,            0.021238,           0.0044731,            0.026477,            0.009505,            0.009505,            0.009505
                  12,            0.035627,           0.0097502,            0.040727,             0.59712,             0.85882,             0.83359,              0.5751,            0.022271,           0.0043157,            0.024898,           0.0094555,           0.0094555,           0.0094555
                  13,            0.034035,            0.009593,            0.036837,             0.61779,              0.8785,             0.80549,             0.48374,            0.023515,           0.0047336,            0.022999,            0.009406,            0.009406,            0.009406
                  14,            0.034973,           0.0099878,            0.036459,             0.61942,             0.86561,             0.84567,             0.53703,             0.02621,           0.0047553,            0.020844,           0.0093565,           0.0093565,           0.0093565
                  15,            0.036294,           0.0096662,             0.03192,             0.67625,             0.89102,             0.87223,             0.57681,            0.021812,            0.004525,            0.019041,            0.009307,            0.009307,            0.009307
                  16,            0.033572,            0.009403,            0.030322,             0.69935,             0.89632,              0.8424,              0.5854,            0.024407,           0.0044188,            0.017476,           0.0092575,           0.0092575,           0.0092575
                  17,            0.035516,           0.0095782,            0.027727,             0.85598,             0.88989,               0.913,             0.57388,            0.022382,           0.0041859,            0.016574,            0.009208,            0.009208,            0.009208
                  18,            0.034797,           0.0094174,            0.026003,             0.81933,             0.87898,             0.89416,             0.62579,            0.022256,           0.0042264,             0.01528,           0.0091585,           0.0091585,           0.0091585
                  19,            0.033553,           0.0093776,            0.026197,             0.77362,             0.88611,             0.92279,             0.59835,            0.022066,           0.0041909,            0.014105,            0.009109,            0.009109,            0.009109
                  20,            0.033043,           0.0092851,            0.023535,             0.84393,             0.89215,             0.93335,              0.6768,            0.019198,           0.0041879,            0.013153,           0.0090595,           0.0090595,           0.0090595
                  21,            0.032457,           0.0084194,            0.021359,             0.81402,             0.95806,             0.94342,             0.66032,            0.023794,            0.004439,            0.011779,             0.00901,             0.00901,             0.00901
                  22,            0.034068,           0.0088603,            0.021854,             0.82428,             0.96956,             0.94589,             0.68788,            0.020354,           0.0042139,             0.01165,           0.0089605,           0.0089605,           0.0089605
                  23,            0.033485,           0.0093232,            0.020705,             0.90822,             0.93092,              0.9563,             0.67948,            0.019082,           0.0043255,            0.010333,            0.008911,            0.008911,            0.008911
                  24,            0.031406,           0.0085732,            0.019141,             0.90022,             0.96845,             0.97675,             0.69165,             0.01975,           0.0040102,           0.0094165,           0.0088615,           0.0088615,           0.0088615
                  25,            0.031266,           0.0088141,            0.018765,             0.88544,             0.96976,             0.97277,              0.6719,            0.022559,           0.0040149,           0.0089035,            0.008812,            0.008812,            0.008812
                  26,             0.03245,            0.008728,            0.017121,             0.93025,             0.97341,             0.98541,             0.73233,            0.017294,           0.0039949,           0.0083286,           0.0087625,           0.0087625,           0.0087625
                  27,            0.031171,           0.0086767,            0.015967,             0.94864,             0.99382,             0.99029,             0.71598,            0.020709,           0.0041165,           0.0076276,            0.008713,            0.008713,            0.008713
                  28,            0.030502,           0.0083179,            0.015923,             0.95462,             0.96495,             0.99077,             0.77608,            0.021507,           0.0042274,           0.0074913,           0.0086635,           0.0086635,           0.0086635
                  29,            0.029798,           0.0082959,            0.013176,             0.95244,             0.98985,              0.9932,             0.71847,            0.018495,           0.0040937,           0.0058446,            0.008614,            0.008614,            0.008614
                  30,            0.031404,           0.0085057,             0.01324,              0.9581,             0.96822,             0.98958,             0.72669,            0.019219,           0.0040804,           0.0057369,           0.0085645,           0.0085645,           0.0085645
                  31,            0.030062,           0.0085835,            0.014387,             0.89393,             0.98356,             0.97279,             0.74665,            0.018597,           0.0041176,           0.0052828,            0.008515,            0.008515,            0.008515
                  32,            0.029263,           0.0082996,             0.01276,             0.88461,             0.99056,             0.98828,             0.75082,            0.018435,           0.0039661,           0.0050996,           0.0084655,           0.0084655,           0.0084655
                  33,            0.030084,           0.0083206,            0.011851,             0.93432,             0.99608,             0.99478,             0.76025,            0.019945,           0.0039163,           0.0046939,            0.008416,            0.008416,            0.008416
                  34,            0.029359,           0.0080545,            0.011819,             0.96838,             0.98884,             0.99452,              0.7774,            0.018208,           0.0038386,           0.0049736,           0.0083665,           0.0083665,           0.0083665
                  35,            0.028176,           0.0083405,            0.011212,               0.939,             0.98708,             0.99106,             0.73714,            0.019186,           0.0040267,           0.0042592,            0.008317,            0.008317,            0.008317
                  36,            0.028564,           0.0085263,            0.011422,             0.95296,             0.99388,               0.995,             0.73304,             0.01805,            0.003922,           0.0039687,           0.0082675,           0.0082675,           0.0082675
                  37,            0.028583,           0.0081235,            0.011691,             0.96039,              0.9783,             0.99478,             0.78203,            0.018693,            0.003758,           0.0044081,            0.008218,            0.008218,            0.008218
                  38,            0.027329,             0.00842,            0.011035,             0.98514,             0.99632,               0.995,             0.75926,            0.018922,           0.0038888,           0.0036586,           0.0081685,           0.0081685,           0.0081685
                  39,            0.028171,           0.0077815,            0.010379,             0.96723,             0.98565,             0.99404,             0.76152,             0.01884,           0.0038221,           0.0041911,            0.008119,            0.008119,            0.008119
                  40,            0.027977,           0.0084158,            0.010629,             0.98059,              0.9897,             0.99353,             0.77544,            0.017106,           0.0038094,           0.0038306,           0.0080695,           0.0080695,           0.0080695
                  41,            0.027331,           0.0080224,            0.010723,             0.97194,             0.99243,               0.995,             0.78394,             0.01765,           0.0040291,           0.0034691,             0.00802,             0.00802,             0.00802
                  42,            0.028334,           0.0079204,           0.0094599,              0.9821,             0.99221,               0.995,             0.81326,            0.014483,           0.0037589,           0.0033988,           0.0079705,           0.0079705,           0.0079705
                  43,             0.02624,           0.0083545,            0.010742,             0.98039,              0.9885,               0.995,             0.79683,            0.016817,           0.0038863,           0.0036993,            0.007921,            0.007921,            0.007921
                  44,            0.025742,           0.0077875,           0.0094179,             0.98106,             0.99511,             0.99456,             0.77084,            0.019238,           0.0036676,           0.0031846,           0.0078715,           0.0078715,           0.0078715
                  45,            0.027654,           0.0078119,            0.010387,             0.98974,              0.9984,               0.995,             0.78368,            0.016286,           0.0037891,           0.0029602,            0.007822,            0.007822,            0.007822
                  46,            0.026499,           0.0081097,           0.0083928,             0.98197,                   1,               0.995,             0.77349,            0.016398,           0.0037433,           0.0028512,           0.0077725,           0.0077725,           0.0077725
                  47,            0.027235,           0.0074642,           0.0095411,             0.98328,               0.993,             0.98811,             0.78242,            0.017611,           0.0039662,           0.0034275,            0.007723,            0.007723,            0.007723
                  48,            0.026648,           0.0078166,           0.0087302,             0.98391,             0.98594,             0.98671,             0.79876,            0.014987,           0.0037133,           0.0034853,           0.0076735,           0.0076735,           0.0076735
                  49,            0.027366,           0.0078426,             0.00806,             0.98639,             0.99164,             0.99452,             0.80862,            0.017228,           0.0036387,            0.003136,            0.007624,            0.007624,            0.007624
                  50,            0.025829,           0.0076822,           0.0084402,             0.97272,             0.97631,             0.99299,             0.76385,            0.015807,           0.0038268,           0.0029838,           0.0075745,           0.0075745,           0.0075745
                  51,            0.025344,            0.007742,           0.0091215,             0.98519,             0.99931,               0.995,             0.73346,            0.016373,           0.0039352,           0.0025951,            0.007525,            0.007525,            0.007525
                  52,            0.025119,           0.0075674,           0.0087982,              0.9784,             0.99454,             0.99478,             0.78712,            0.015545,           0.0039639,           0.0028836,           0.0074755,           0.0074755,           0.0074755
                  53,            0.026033,           0.0079373,           0.0093938,             0.96831,              0.9831,              0.9933,             0.77234,             0.01367,           0.0037134,           0.0034505,            0.007426,            0.007426,            0.007426
                  54,            0.024735,           0.0076945,           0.0080665,             0.98934,             0.99607,               0.995,             0.81961,            0.015836,           0.0035214,            0.002552,           0.0073765,           0.0073765,           0.0073765
                  55,            0.025284,           0.0075937,            0.008175,             0.98333,             0.99676,               0.995,             0.77237,            0.015176,           0.0036132,           0.0024853,            0.007327,            0.007327,            0.007327
                  56,            0.025375,           0.0075385,           0.0081627,             0.97342,             0.99638,             0.99232,             0.81005,             0.01559,           0.0036439,           0.0026453,           0.0072775,           0.0072775,           0.0072775
                  57,            0.024909,           0.0073487,           0.0077874,              0.9825,             0.99161,             0.99411,             0.82688,            0.014759,           0.0036918,           0.0026869,            0.007228,            0.007228,            0.007228
                  58,            0.025207,           0.0076983,            0.008603,             0.98997,             0.99109,               0.995,             0.79889,            0.016167,           0.0037057,           0.0025852,           0.0071785,           0.0071785,           0.0071785
                  59,            0.024165,           0.0075359,           0.0082838,             0.97716,             0.97829,             0.99162,             0.82014,             0.01476,           0.0035686,           0.0030936,            0.007129,            0.007129,            0.007129
                  60,            0.023318,           0.0076466,            0.008581,             0.97717,             0.97451,              0.9901,             0.81077,            0.014078,           0.0036344,           0.0036184,           0.0070795,           0.0070795,           0.0070795
                  61,            0.023362,           0.0072204,           0.0077034,             0.97711,             0.98095,             0.99093,             0.78763,            0.017449,           0.0036459,           0.0027065,             0.00703,             0.00703,             0.00703
                  62,            0.024145,           0.0076367,           0.0078077,             0.98151,             0.98662,             0.99478,             0.82303,            0.013957,           0.0035265,           0.0026618,           0.0069805,           0.0069805,           0.0069805
                  63,            0.023734,           0.0074551,           0.0085537,             0.95976,             0.96621,             0.98553,             0.78439,            0.015532,           0.0034664,           0.0039384,            0.006931,            0.006931,            0.006931
                  64,            0.024411,           0.0073518,           0.0076245,             0.97508,             0.98622,             0.99334,             0.82317,            0.014712,           0.0033509,           0.0029541,           0.0068815,           0.0068815,           0.0068815
                  65,            0.023365,           0.0072163,            0.006628,              0.9802,             0.98536,             0.99142,             0.80984,            0.013203,           0.0034694,           0.0029056,            0.006832,            0.006832,            0.006832
                  66,            0.024206,           0.0072438,            0.010843,             0.97706,             0.98964,             0.99304,              0.8014,            0.014768,           0.0036278,           0.0026665,           0.0067825,           0.0067825,           0.0067825
                  67,            0.023913,           0.0072497,            0.007344,             0.98388,             0.99654,             0.99353,             0.82425,            0.014643,           0.0034595,           0.0021681,            0.006733,            0.006733,            0.006733
                  68,            0.023879,           0.0074118,           0.0074156,             0.97932,             0.99293,             0.98834,             0.82997,            0.013876,           0.0034772,            0.002494,           0.0066835,           0.0066835,           0.0066835
                  69,            0.023504,           0.0071703,            0.007719,             0.97504,              0.9781,             0.98201,             0.81346,            0.012871,           0.0033405,            0.004114,            0.006634,            0.006634,            0.006634
                  70,            0.022061,           0.0072289,            0.006851,             0.98014,             0.98917,             0.98863,             0.82111,            0.013248,           0.0034244,           0.0027586,           0.0065845,           0.0065845,           0.0065845
                  71,            0.021258,           0.0071391,           0.0069982,             0.97649,             0.98688,             0.99244,             0.82865,            0.013293,           0.0035594,           0.0027494,            0.006535,            0.006535,            0.006535
                  72,            0.022338,           0.0069865,           0.0064732,             0.97436,             0.96544,             0.98834,             0.82082,            0.012926,           0.0034126,           0.0031853,           0.0064855,           0.0064855,           0.0064855
                  73,            0.023073,           0.0068245,           0.0084938,             0.97972,             0.98715,             0.99426,             0.84248,            0.012421,           0.0032946,           0.0024431,            0.006436,            0.006436,            0.006436
                  74,            0.021812,           0.0071889,           0.0074316,             0.95516,             0.99397,               0.995,             0.81614,            0.013705,           0.0034345,           0.0021208,           0.0063865,           0.0063865,           0.0063865
                  75,            0.021239,           0.0068485,           0.0060474,             0.98787,              0.9977,               0.995,             0.83097,            0.012231,           0.0033192,           0.0020525,            0.006337,            0.006337,            0.006337
                  76,            0.021596,           0.0068837,           0.0066017,             0.99322,                   1,               0.995,             0.84375,            0.012366,           0.0033547,           0.0017151,           0.0062875,           0.0062875,           0.0062875
                  77,            0.021242,           0.0068824,           0.0066259,             0.99084,             0.99978,               0.995,             0.83966,            0.012548,           0.0032867,           0.0017069,            0.006238,            0.006238,            0.006238
                  78,            0.020764,           0.0071174,           0.0063309,             0.98016,             0.99776,               0.995,             0.82802,            0.013036,           0.0034661,            0.001967,           0.0061885,           0.0061885,           0.0061885
                  79,            0.021284,           0.0070261,           0.0064203,             0.98465,             0.99698,               0.995,             0.81506,            0.013505,           0.0033662,           0.0021894,            0.006139,            0.006139,            0.006139
                  80,            0.022374,           0.0068608,           0.0058231,             0.98912,             0.99582,             0.99478,             0.83228,            0.012467,           0.0033055,           0.0018489,           0.0060895,           0.0060895,           0.0060895
                  81,            0.021897,           0.0067209,           0.0062128,             0.98999,             0.99371,               0.995,             0.84168,            0.012666,           0.0031548,           0.0018612,             0.00604,             0.00604,             0.00604
                  82,            0.020904,           0.0069119,           0.0057435,             0.98098,             0.99165,             0.99283,             0.85055,            0.012432,           0.0031306,           0.0021721,           0.0059905,           0.0059905,           0.0059905
                  83,            0.020607,           0.0069681,           0.0054191,             0.98112,             0.99388,             0.99478,             0.84098,            0.012479,           0.0033138,            0.001856,            0.005941,            0.005941,            0.005941
                  84,            0.021728,           0.0066581,           0.0062957,             0.98763,             0.99636,               0.995,             0.84436,            0.011437,           0.0032248,           0.0018102,           0.0058915,           0.0058915,           0.0058915
                  85,            0.020694,           0.0067091,           0.0065289,             0.98811,             0.99832,               0.995,             0.85544,            0.011338,           0.0031891,           0.0016565,            0.005842,            0.005842,            0.005842
                  86,            0.020619,           0.0069779,            0.006067,             0.99281,             0.99637,               0.995,             0.83314,             0.01309,           0.0032775,           0.0015928,           0.0057925,           0.0057925,           0.0057925
                  87,            0.019896,           0.0068026,           0.0058644,             0.98762,             0.98265,               0.995,             0.85305,            0.013432,           0.0032069,           0.0020318,            0.005743,            0.005743,            0.005743
                  88,            0.020311,           0.0066326,           0.0056245,             0.97055,             0.99028,             0.99478,             0.84854,            0.011984,           0.0033105,           0.0021892,           0.0056935,           0.0056935,           0.0056935
                  89,            0.020142,           0.0065812,           0.0048827,             0.98004,             0.98388,             0.99478,               0.843,            0.012514,           0.0031718,           0.0020787,            0.005644,            0.005644,            0.005644
                  90,            0.020688,           0.0068949,           0.0062016,             0.98992,             0.98734,               0.995,             0.83544,            0.011692,            0.003258,           0.0016372,           0.0055945,           0.0055945,           0.0055945
                  91,            0.020659,           0.0065126,           0.0055747,             0.98106,             0.97887,               0.995,             0.86317,             0.01076,           0.0030713,           0.0022979,            0.005545,            0.005545,            0.005545
                  92,            0.019842,           0.0069408,           0.0061662,             0.97958,             0.98698,               0.995,             0.86521,             0.01165,           0.0030735,           0.0019879,           0.0054955,           0.0054955,           0.0054955
                  93,            0.020416,           0.0067677,           0.0052491,             0.98793,             0.99979,               0.995,             0.86101,            0.010795,           0.0031179,           0.0015068,            0.005446,            0.005446,            0.005446
                  94,            0.019969,           0.0066542,            0.005277,             0.99028,             0.99772,               0.995,             0.85583,            0.012075,           0.0031421,           0.0013592,           0.0053965,           0.0053965,           0.0053965
                  95,            0.019494,           0.0065303,           0.0046285,             0.99077,             0.99339,               0.995,             0.83784,            0.012921,           0.0032831,           0.0015379,            0.005347,            0.005347,            0.005347
                  96,            0.019777,           0.0066377,           0.0050824,             0.98505,             0.99339,               0.995,             0.84652,             0.01178,           0.0030702,           0.0017378,           0.0052975,           0.0052975,           0.0052975
                  97,            0.020036,           0.0063601,           0.0047584,             0.98577,             0.99389,               0.995,             0.85467,            0.011333,           0.0030389,           0.0016765,            0.005248,            0.005248,            0.005248
                  98,            0.019499,           0.0067055,           0.0051645,             0.98302,             0.99291,             0.99441,              0.8452,            0.012137,           0.0031629,           0.0017651,           0.0051985,           0.0051985,           0.0051985
                  99,            0.019647,           0.0065354,           0.0051131,             0.98243,             0.98961,             0.99393,               0.857,            0.011228,           0.0030317,           0.0019748,            0.005149,            0.005149,            0.005149
                 100,            0.019704,           0.0068994,            0.005023,             0.98404,             0.99586,               0.995,             0.85451,            0.011575,           0.0030451,           0.0015401,           0.0050995,           0.0050995,           0.0050995
                 101,            0.018818,           0.0063981,           0.0061049,              0.9875,             0.99604,               0.995,             0.85541,            0.011933,           0.0030831,           0.0015336,             0.00505,             0.00505,             0.00505
                 102,            0.019209,           0.0061864,           0.0052633,             0.98902,             0.99629,               0.995,             0.84996,            0.011688,           0.0030653,           0.0014663,           0.0050005,           0.0050005,           0.0050005
                 103,            0.019218,           0.0064485,           0.0058799,             0.98699,                   1,               0.995,             0.86443,            0.010528,           0.0030258,           0.0015363,            0.004951,            0.004951,            0.004951
                 104,            0.018822,           0.0061072,           0.0045813,              0.9916,                   1,               0.995,             0.86063,            0.010817,           0.0030176,           0.0013271,           0.0049015,           0.0049015,           0.0049015
                 105,            0.019156,            0.006349,           0.0052552,             0.99192,                   1,               0.995,              0.8615,            0.011653,           0.0029994,           0.0013944,            0.004852,            0.004852,            0.004852
                 106,            0.018618,           0.0060446,           0.0045114,             0.99037,             0.99446,               0.995,             0.85386,             0.01187,           0.0030392,           0.0013409,           0.0048025,           0.0048025,           0.0048025
                 107,            0.018735,           0.0064575,           0.0042658,             0.98824,             0.99588,               0.995,             0.85255,            0.010786,           0.0029593,           0.0013946,            0.004753,            0.004753,            0.004753
                 108,            0.018362,           0.0064141,           0.0046392,             0.98925,             0.99284,               0.995,             0.86676,             0.01076,           0.0029558,           0.0014873,           0.0047035,           0.0047035,           0.0047035
                 109,            0.018461,           0.0064032,           0.0049602,             0.98594,             0.98554,               0.995,              0.8632,             0.01067,           0.0029574,           0.0016957,            0.004654,            0.004654,            0.004654
                 110,             0.01847,           0.0057295,           0.0048565,             0.98917,             0.99054,             0.99452,             0.84713,            0.012006,           0.0029673,           0.0015307,           0.0046045,           0.0046045,           0.0046045
                 111,            0.018115,           0.0062039,           0.0046199,             0.98894,             0.99616,               0.995,             0.86017,            0.010424,           0.0029118,            0.001409,            0.004555,            0.004555,            0.004555
                 112,            0.018176,           0.0062845,             0.00529,             0.98872,             0.99395,             0.99478,              0.8451,            0.010897,           0.0029349,            0.001358,           0.0045055,           0.0045055,           0.0045055
                 113,            0.017718,           0.0063209,           0.0040098,             0.98437,             0.99412,             0.99456,             0.86286,            0.010409,           0.0028457,           0.0014483,            0.004456,            0.004456,            0.004456
                 114,            0.018068,           0.0063028,           0.0057717,             0.99024,             0.99632,               0.995,              0.8696,            0.010876,           0.0029083,           0.0011792,           0.0044065,           0.0044065,           0.0044065
                 115,            0.018301,           0.0060374,           0.0046712,             0.98874,             0.99355,               0.995,             0.85404,            0.010607,           0.0029456,           0.0012938,            0.004357,            0.004357,            0.004357
                 116,            0.018067,           0.0061423,           0.0038641,             0.98724,              0.9921,               0.995,             0.87023,            0.010013,           0.0028557,           0.0013257,           0.0043075,           0.0043075,           0.0043075
                 117,            0.017899,           0.0063311,           0.0045023,             0.99293,             0.99776,               0.995,             0.85102,            0.011253,           0.0030504,           0.0012042,            0.004258,            0.004258,            0.004258
                 118,            0.017972,           0.0061313,           0.0042894,             0.97966,             0.99969,             0.99426,             0.86283,             0.01076,           0.0030732,           0.0017402,           0.0042085,           0.0042085,           0.0042085
                 119,            0.018233,           0.0064018,           0.0036675,             0.97663,              0.9919,               0.995,             0.86985,             0.01009,           0.0030544,           0.0014789,            0.004159,            0.004159,            0.004159
                 120,            0.017234,            0.006016,           0.0045847,             0.98952,             0.99257,             0.99378,              0.8504,            0.010347,           0.0029682,           0.0013948,           0.0041095,           0.0041095,           0.0041095
                 121,            0.017457,           0.0061806,           0.0042629,             0.99336,                   1,               0.995,             0.86732,            0.010189,           0.0031259,            0.001131,             0.00406,             0.00406,             0.00406
                 122,             0.01737,           0.0060048,           0.0052113,             0.99186,             0.99698,               0.995,             0.87266,            0.010311,           0.0029303,            0.001054,           0.0040105,           0.0040105,           0.0040105
                 123,            0.017045,           0.0059523,           0.0037383,             0.98655,             0.99258,             0.99452,             0.86158,            0.010349,           0.0029203,           0.0013002,            0.003961,            0.003961,            0.003961
                 124,            0.016718,           0.0061299,           0.0038991,             0.98922,                   1,               0.995,             0.87573,           0.0094517,           0.0029057,           0.0010146,           0.0039115,           0.0039115,           0.0039115
                 125,            0.016775,           0.0058206,            0.003941,             0.98752,                   1,               0.995,             0.88556,           0.0097772,           0.0027388,           0.0010086,            0.003862,            0.003862,            0.003862
                 126,            0.017239,           0.0059531,           0.0043135,             0.98355,             0.98975,               0.995,             0.87398,           0.0095883,           0.0027142,            0.001468,           0.0038125,           0.0038125,           0.0038125
                 127,            0.016784,           0.0059305,           0.0057413,             0.98177,             0.98348,             0.99452,              0.8826,           0.0097606,            0.002758,           0.0017307,            0.003763,            0.003763,            0.003763
                 128,            0.016735,           0.0060575,           0.0043576,             0.98782,             0.98931,             0.99404,             0.89024,           0.0097344,           0.0027203,           0.0015879,           0.0037135,           0.0037135,           0.0037135
                 129,            0.016149,           0.0062361,           0.0043693,             0.98852,             0.99183,               0.995,             0.87622,           0.0095927,            0.002724,           0.0012015,            0.003664,            0.003664,            0.003664
                 130,            0.017015,           0.0057797,           0.0032107,             0.99092,             0.99364,               0.995,             0.87557,           0.0096652,           0.0026742,           0.0010126,           0.0036145,           0.0036145,           0.0036145
                 131,            0.016217,            0.006033,           0.0036089,             0.99071,             0.99675,               0.995,             0.88899,           0.0094375,           0.0027311,          0.00098076,            0.003565,            0.003565,            0.003565
                 132,             0.01635,           0.0059227,           0.0037993,             0.98973,             0.99719,               0.995,             0.87334,            0.010196,           0.0028027,          0.00093744,           0.0035155,           0.0035155,           0.0035155
                 133,            0.015892,           0.0063024,           0.0033625,             0.99248,                   1,               0.995,             0.87308,            0.010019,           0.0027935,          0.00087295,            0.003466,            0.003466,            0.003466
                 134,            0.016591,           0.0059997,           0.0041955,             0.98861,             0.99585,               0.995,             0.86922,            0.010197,           0.0028685,          0.00090757,           0.0034165,           0.0034165,           0.0034165
                 135,            0.016098,           0.0057822,           0.0034752,             0.98861,             0.99441,               0.995,             0.87149,            0.010021,           0.0028406,          0.00096046,            0.003367,            0.003367,            0.003367
                 136,            0.015988,           0.0055333,           0.0034209,             0.99099,             0.99447,               0.995,             0.87309,            0.010287,           0.0028634,          0.00093751,           0.0033175,           0.0033175,           0.0033175
                 137,            0.015739,            0.005728,           0.0032963,             0.98878,             0.99297,               0.995,             0.87968,            0.010313,           0.0027865,           0.0012738,            0.003268,            0.003268,            0.003268
                 138,            0.016052,           0.0061344,           0.0045458,             0.98467,             0.99145,             0.99359,             0.87436,            0.010276,           0.0028119,           0.0014265,           0.0032185,           0.0032185,           0.0032185
                 139,             0.01531,           0.0056534,           0.0036112,             0.98245,             0.98819,               0.995,              0.8719,            0.010736,           0.0028856,           0.0014624,            0.003169,            0.003169,            0.003169
                 140,            0.015894,           0.0055979,           0.0039779,             0.98487,              0.9944,               0.995,             0.86853,            0.010069,           0.0028204,           0.0011783,           0.0031195,           0.0031195,           0.0031195
                 141,             0.01618,           0.0060171,           0.0032725,             0.98845,             0.99711,               0.995,             0.87836,           0.0095082,           0.0028094,           0.0010221,             0.00307,             0.00307,             0.00307
                 142,            0.015184,           0.0055648,           0.0035649,             0.98579,             0.99137,               0.995,             0.89161,           0.0088958,           0.0027067,           0.0010771,           0.0030205,           0.0030205,           0.0030205
                 143,            0.014975,           0.0055478,            0.003839,             0.98813,             0.99312,               0.995,             0.88848,           0.0093469,           0.0026801,          0.00096374,            0.002971,            0.002971,            0.002971
                 144,            0.015694,           0.0057854,           0.0034037,             0.99164,              0.9967,               0.995,             0.88232,           0.0096657,           0.0026903,          0.00078638,           0.0029215,           0.0029215,           0.0029215
                 145,            0.015344,           0.0060981,           0.0037097,             0.99125,             0.99954,               0.995,             0.88112,           0.0096165,           0.0027601,          0.00072942,            0.002872,            0.002872,            0.002872
                 146,            0.015246,           0.0057769,           0.0033388,             0.98874,              0.9972,               0.995,             0.87334,           0.0092402,           0.0027937,           0.0007546,           0.0028225,           0.0028225,           0.0028225
                 147,             0.01536,           0.0057619,           0.0033207,             0.98801,             0.99456,               0.995,             0.88884,           0.0096597,           0.0027123,          0.00087243,            0.002773,            0.002773,            0.002773
                 148,            0.015072,           0.0055774,           0.0035475,             0.98814,             0.99624,               0.995,             0.88208,           0.0095387,           0.0026813,           0.0008278,           0.0027235,           0.0027235,           0.0027235
                 149,            0.014247,            0.005641,           0.0025654,             0.98951,             0.99693,               0.995,             0.88478,           0.0092906,           0.0026557,          0.00077386,            0.002674,            0.002674,            0.002674
                 150,            0.014591,           0.0056285,            0.003376,             0.98725,             0.99568,               0.995,             0.89192,           0.0090981,           0.0026209,          0.00081054,           0.0026245,           0.0026245,           0.0026245
                 151,            0.014783,           0.0056975,           0.0031208,             0.98356,              0.9931,               0.995,             0.89284,           0.0092751,           0.0026239,           0.0009673,            0.002575,            0.002575,            0.002575
                 152,            0.014219,           0.0057957,           0.0028451,             0.98548,             0.99312,               0.995,             0.88239,           0.0094216,           0.0026882,           0.0009297,           0.0025255,           0.0025255,           0.0025255
                 153,            0.015003,           0.0053659,           0.0028021,              0.9896,             0.99427,               0.995,             0.87827,           0.0090711,           0.0026743,          0.00081585,            0.002476,            0.002476,            0.002476
                 154,            0.013801,           0.0053431,           0.0025384,             0.99026,             0.99409,               0.995,              0.8773,           0.0090326,           0.0026332,          0.00084159,           0.0024265,           0.0024265,           0.0024265
                 155,            0.014836,           0.0053114,           0.0035505,             0.98599,             0.99231,               0.995,              0.8903,           0.0095581,           0.0026433,           0.0010983,            0.002377,            0.002377,            0.002377
                 156,            0.014018,           0.0055395,           0.0025042,             0.98936,             0.99259,               0.995,             0.88736,           0.0093319,           0.0026921,          0.00088682,           0.0023275,           0.0023275,           0.0023275
                 157,            0.014625,           0.0053754,           0.0027662,             0.99332,             0.99771,               0.995,             0.88592,           0.0088109,           0.0026852,          0.00068386,            0.002278,            0.002278,            0.002278
                 158,            0.013907,           0.0054156,           0.0028423,             0.99179,             0.99655,               0.995,             0.88278,           0.0092097,           0.0027046,          0.00066452,           0.0022285,           0.0022285,           0.0022285
                 159,            0.013578,           0.0053278,            0.002443,             0.99004,             0.99596,               0.995,             0.88717,           0.0087322,           0.0027381,          0.00066134,            0.002179,            0.002179,            0.002179
                 160,            0.013558,           0.0054549,           0.0024055,             0.98901,             0.99324,               0.995,              0.8848,           0.0091629,           0.0026805,          0.00072767,           0.0021295,           0.0021295,           0.0021295
                 161,            0.013693,           0.0054427,           0.0028464,             0.98803,             0.99298,               0.995,             0.90113,           0.0081202,           0.0026007,          0.00076143,             0.00208,             0.00208,             0.00208
                 162,             0.01397,           0.0050631,           0.0025223,             0.98663,             0.99328,               0.995,             0.89603,           0.0086951,           0.0026277,           0.0007558,           0.0020305,           0.0020305,           0.0020305
                 163,            0.013665,           0.0056393,           0.0024547,             0.98684,             0.99667,               0.995,             0.89149,           0.0089644,           0.0025545,          0.00061976,            0.001981,            0.001981,            0.001981
                 164,            0.013651,           0.0056082,           0.0024578,             0.98513,             0.99192,               0.995,             0.88722,           0.0084391,           0.0025302,          0.00068321,           0.0019315,           0.0019315,           0.0019315
                 165,            0.014283,           0.0055681,           0.0035815,             0.98489,             0.98715,             0.99478,             0.88967,            0.008634,           0.0025926,          0.00093109,            0.001882,            0.001882,            0.001882
                 166,            0.013212,           0.0058942,           0.0031433,             0.97886,             0.99237,             0.99426,             0.89365,           0.0086138,           0.0026048,           0.0010711,           0.0018325,           0.0018325,           0.0018325
                 167,            0.012652,           0.0054075,            0.002462,             0.98171,             0.98499,             0.99404,              0.8863,           0.0090932,           0.0026357,           0.0011241,            0.001783,            0.001783,            0.001783
                 168,            0.013365,           0.0053354,            0.003427,             0.98762,             0.99261,             0.99478,             0.89036,           0.0086565,            0.002544,          0.00076364,           0.0017335,           0.0017335,           0.0017335
                 169,            0.013041,           0.0050322,           0.0026497,             0.98447,             0.99422,               0.995,             0.89333,           0.0087279,           0.0025735,          0.00070744,            0.001684,            0.001684,            0.001684
                 170,            0.013056,           0.0054997,           0.0027288,              0.9837,             0.99187,               0.995,             0.89546,           0.0089853,           0.0025738,          0.00091658,           0.0016345,           0.0016345,           0.0016345
                 171,            0.012924,           0.0056699,           0.0021499,              0.9838,              0.9936,               0.995,             0.89489,           0.0085681,           0.0025683,          0.00080564,            0.001585,            0.001585,            0.001585
                 172,            0.012661,           0.0052554,           0.0025027,             0.98486,             0.99314,               0.995,              0.8955,           0.0087538,           0.0025449,          0.00088169,           0.0015355,           0.0015355,           0.0015355
                 173,            0.013127,           0.0053095,            0.002884,             0.98602,             0.99311,               0.995,              0.8943,           0.0088683,           0.0025703,          0.00081736,            0.001486,            0.001486,            0.001486
                 174,            0.012639,           0.0053642,            0.002699,             0.98625,             0.99322,               0.995,             0.89917,           0.0084146,           0.0025332,          0.00078041,           0.0014365,           0.0014365,           0.0014365
                 175,            0.012721,            0.005169,           0.0028224,             0.98546,             0.99291,               0.995,             0.89495,           0.0083423,           0.0025305,          0.00074089,            0.001387,            0.001387,            0.001387
                 176,            0.012287,           0.0051103,           0.0020217,             0.98553,             0.99176,             0.99426,             0.88522,           0.0085561,           0.0026277,          0.00079982,           0.0013375,           0.0013375,           0.0013375
                 177,            0.012519,           0.0050591,           0.0023494,             0.98533,             0.99029,             0.99426,              0.8948,           0.0084791,           0.0025906,          0.00087553,            0.001288,            0.001288,            0.001288
                 178,            0.012151,           0.0051144,           0.0026189,             0.98534,             0.99004,             0.99452,             0.89148,           0.0086848,           0.0025928,          0.00090204,           0.0012385,           0.0012385,           0.0012385
                 179,            0.013161,           0.0051016,           0.0023158,             0.98441,             0.98982,             0.99452,             0.89359,           0.0082269,           0.0025411,          0.00094336,            0.001189,            0.001189,            0.001189
                 180,            0.012325,           0.0050992,           0.0020219,             0.98273,             0.98983,             0.99452,              0.8978,           0.0081454,           0.0024987,          0.00097803,           0.0011395,           0.0011395,           0.0011395
                 181,            0.011934,           0.0048837,           0.0022853,             0.98341,             0.99077,               0.995,             0.89737,           0.0080595,           0.0024927,          0.00087338,             0.00109,             0.00109,             0.00109
                 182,            0.011649,           0.0053458,           0.0018726,             0.98363,             0.99078,               0.995,             0.89893,            0.008149,           0.0024941,          0.00085489,           0.0010405,           0.0010405,           0.0010405
                 183,            0.011832,           0.0050064,           0.0020624,             0.98462,             0.99176,               0.995,               0.898,           0.0082552,           0.0024689,          0.00081391,            0.000991,            0.000991,            0.000991
                 184,            0.012056,           0.0050789,           0.0023335,             0.98547,             0.99388,               0.995,             0.90057,           0.0082964,           0.0025159,          0.00066031,           0.0009415,           0.0009415,           0.0009415
                 185,            0.011593,           0.0049519,           0.0024418,             0.98559,             0.99558,               0.995,             0.90443,           0.0082488,           0.0025003,           0.0005447,            0.000892,            0.000892,            0.000892
                 186,            0.012422,           0.0051944,           0.0029552,             0.98751,             0.99637,               0.995,             0.90324,           0.0081776,           0.0024699,          0.00042455,           0.0008425,           0.0008425,           0.0008425
                 187,            0.011481,           0.0051397,            0.002233,              0.9884,             0.99685,               0.995,             0.90427,           0.0080816,            0.002438,          0.00037511,            0.000793,            0.000793,            0.000793
                 188,            0.011812,           0.0048191,           0.0022482,             0.98885,             0.99735,               0.995,             0.90252,           0.0082134,           0.0024241,          0.00031564,           0.0007435,           0.0007435,           0.0007435
                 189,            0.011683,           0.0052338,           0.0020356,             0.98848,             0.99722,               0.995,             0.89517,           0.0081815,           0.0024639,          0.00031809,            0.000694,            0.000694,            0.000694
                 190,            0.011731,           0.0049359,           0.0020361,             0.98837,             0.99695,               0.995,             0.90099,           0.0081042,           0.0024624,          0.00033279,           0.0006445,           0.0006445,           0.0006445
                 191,            0.011122,           0.0053036,           0.0020745,             0.98796,             0.99693,               0.995,             0.89988,            0.008073,           0.0024499,          0.00033461,            0.000595,            0.000595,            0.000595
                 192,            0.011132,            0.004852,           0.0019362,             0.98743,             0.99677,               0.995,             0.89377,           0.0081104,           0.0024669,          0.00038092,           0.0005455,           0.0005455,           0.0005455
                 193,            0.011902,            0.005044,            0.002487,             0.98677,             0.99663,             0.99452,             0.89344,           0.0082753,           0.0024643,          0.00042509,            0.000496,            0.000496,            0.000496
                 194,            0.011107,              0.0048,            0.001255,             0.98681,             0.99666,             0.99478,             0.89413,           0.0082193,            0.002465,          0.00041304,           0.0004465,           0.0004465,           0.0004465
                 195,            0.011113,           0.0048705,           0.0017402,             0.98643,             0.99669,             0.99478,             0.89459,           0.0081304,            0.002457,          0.00040807,            0.000397,            0.000397,            0.000397
                 196,            0.010779,           0.0046931,           0.0015326,             0.98772,             0.99665,             0.99452,             0.90056,           0.0081783,           0.0024603,          0.00037897,           0.0003475,           0.0003475,           0.0003475
                 197,             0.01106,           0.0047898,           0.0015594,             0.98824,             0.99676,               0.995,             0.89732,           0.0080823,            0.002448,          0.00032524,            0.000298,            0.000298,            0.000298
                 198,            0.011054,           0.0048056,           0.0041742,             0.98824,             0.99682,               0.995,             0.90182,            0.007982,           0.0024399,          0.00030192,           0.0002485,           0.0002485,           0.0002485
                 199,            0.010519,           0.0048556,           0.0015152,             0.98818,             0.99687,               0.995,             0.89574,           0.0080471,            0.002436,           0.0002976,            0.000199,            0.000199,            0.000199
